trans_id,genenames,probe_id,num_mismatch,mismatch_pos
ECP_1434,tehB,KFF-csrA JVpna-50 ECP_2656,1,9
ECP_2755,ECP_2755,KFF-csrA JVpna-50 ECP_2656,1,2
ECP_4103,ECP_4103,KFF-csrA JVpna-50 ECP_2656,1,7
ECP_0821,rlmF,KFF-csrA JVpna-50 ECP_2656,2,1;2
ECP_0925,msbA,KFF-csrA JVpna-50 ECP_2656,2,3;4
ECP_0940,ECP_0940,KFF-csrA JVpna-50 ECP_2656 reverse,2,3;7
ECP_0940,ECP_0940,KFF-csrA JVpna-50 ECP_2656,2,4;9
ECP_1093,ECP_1093,KFF-csrA JVpna-50 ECP_2656,2,1;10
ECP_1622,ECP_1622,KFF-csrA JVpna-50 ECP_2656,2,9;10
ECP_2902,ECP_2902,KFF-csrA JVpna-50 ECP_2656,2,1;3
