trans_id,genenames,probe_id,num_mismatch,mismatch_pos
ECP_0104,coaE,KFF-rplS JVpna-49 ECP_2607,0,
ECP_0328,ECP_0328,KFF-rplS JVpna-49 ECP_2607,0,
ECP_0603,cusC,KFF-rplS JVpna-49 ECP_2607,0,
ECP_0710,pgm,KFF-rplS JVpna-49 ECP_2607,0,
ECP_0826,dps,KFF-rplS JVpna-49 ECP_2607,0,
ECP_0973,ECP_0973,KFF-rplS JVpna-49 ECP_2607,0,
ECP_1680,ECP_1680,KFF-rplS JVpna-49 ECP_2607,0,
ECP_2607,rplS,KFF-rplS JVpna-49 ECP_2607,0,
ECP_3007,ECP_3007,KFF-rplS JVpna-49 ECP_2607,0,
ECP_0065,araC,KFF-rplS JVpna-49 ECP_2607 reverse,1,7
ECP_0149,ECP_0149,KFF-rplS JVpna-49 ECP_2607 reverse,1,3
ECP_0166,erpA,KFF-rplS JVpna-49 ECP_2607,1,4
ECP_0351,ECP_0351,KFF-rplS JVpna-49 ECP_2607,1,1
ECP_0473,ribD,KFF-rplS JVpna-49 ECP_2607 reverse,1,9
ECP_0571,ybbW,KFF-rplS JVpna-49 ECP_2607,1,7
ECP_0728,ECP_0728,KFF-rplS JVpna-49 ECP_2607,1,5
ECP_0770,ECP_0770,KFF-rplS JVpna-49 ECP_2607,1,1
ECP_0858,ECP_0858,KFF-rplS JVpna-49 ECP_2607 reverse,1,4
ECP_0867,ybjN,KFF-rplS JVpna-49 ECP_2607,1,10
ECP_0879,ECP_0879,KFF-rplS JVpna-49 ECP_2607 reverse,1,8
ECP_0929,ECP_0929,KFF-rplS JVpna-49 ECP_2607,1,5
ECP_0933,mukF,KFF-rplS JVpna-49 ECP_2607,1,4
ECP_0941,ECP_0941,KFF-rplS JVpna-49 ECP_2607,1,2
ECP_0947,ECP_0947,KFF-rplS JVpna-49 ECP_2607,1,1
ECP_1049,ECP_1049,KFF-rplS JVpna-49 ECP_2607 reverse,1,7
ECP_1314,yciO,KFF-rplS JVpna-49 ECP_2607,1,1
ECP_1490,ECP_1490,KFF-rplS JVpna-49 ECP_2607,1,1
ECP_1608,cfa,KFF-rplS JVpna-49 ECP_2607,1,4
ECP_1629,ECP_1629,KFF-rplS JVpna-49 ECP_2607 reverse,1,1
ECP_1633,ECP_1633,KFF-rplS JVpna-49 ECP_2607 reverse,1,3
ECP_1725,ECP_1725,KFF-rplS JVpna-49 ECP_2607,1,10
ECP_1740,ECP_1740,KFF-rplS JVpna-49 ECP_2607,1,8
ECP_1773,ECP_1773,KFF-rplS JVpna-49 ECP_2607,1,10
ECP_1783,ECP_1783,KFF-rplS JVpna-49 ECP_2607,1,5
ECP_1798,ECP_1798,KFF-rplS JVpna-49 ECP_2607 reverse,1,9
ECP_1823,ECP_1823,KFF-rplS JVpna-49 ECP_2607,1,5
ECP_2085,ECP_2085,KFF-rplS JVpna-49 ECP_2607,1,3
ECP_2123,ECP_2123,KFF-rplS JVpna-49 ECP_2607,1,5
ECP_2377,ECP_2377,KFF-rplS JVpna-49 ECP_2607,1,5
ECP_2449,ECP_2449,KFF-rplS JVpna-49 ECP_2607 reverse,1,4
ECP_2614,ECP_2614,KFF-rplS JVpna-49 ECP_2607 reverse,1,6
ECP_2657,ECP_2657,KFF-rplS JVpna-49 ECP_2607,1,1
ECP_2739,queD,KFF-rplS JVpna-49 ECP_2607,1,10
ECP_3015,ECP_3015,KFF-rplS JVpna-49 ECP_2607,1,5
ECP_3026,ECP_3026,KFF-rplS JVpna-49 ECP_2607,1,2
ECP_3111,ECP_3111,KFF-rplS JVpna-49 ECP_2607 reverse,1,6
ECP_3253,ECP_3253,KFF-rplS JVpna-49 ECP_2607 reverse,1,5
ECP_3278,ECP_3278,KFF-rplS JVpna-49 ECP_2607,1,5
ECP_3292,ptsN,KFF-rplS JVpna-49 ECP_2607,1,10
ECP_3304,ECP_3304,KFF-rplS JVpna-49 ECP_2607,1,10
ECP_3346,ECP_3346,KFF-rplS JVpna-49 ECP_2607,1,5
ECP_3686,sgbH,KFF-rplS JVpna-49 ECP_2607,1,2
ECP_3943,asnA,KFF-rplS JVpna-49 ECP_2607 reverse,1,7
ECP_4117,ECP_4117,KFF-rplS JVpna-49 ECP_2607,1,5
ECP_4128,ECP_4128,KFF-rplS JVpna-49 ECP_2607 reverse,1,4
ECP_4184,murI,KFF-rplS JVpna-49 ECP_2607,1,2
ECP_4376,ECP_4376,KFF-rplS JVpna-49 ECP_2607,1,7
ECP_4474,ytfN,KFF-rplS JVpna-49 ECP_2607,1,1
ECP_4493,ECP_4493,KFF-rplS JVpna-49 ECP_2607,1,5
ECP_4536,ECP_4536,KFF-rplS JVpna-49 ECP_2607,1,4
ECP_0002,thrA,KFF-rplS JVpna-49 ECP_2607 reverse,2,5;8
ECP_0003,thrB,KFF-rplS JVpna-49 ECP_2607,2,3;7
ECP_0011,ECP_0011,KFF-rplS JVpna-49 ECP_2607,2,1;9
ECP_0020,nhaA,KFF-rplS JVpna-49 ECP_2607 reverse,2,4;6
ECP_0026,fkpB,KFF-rplS JVpna-49 ECP_2607,2,4;8
ECP_0033,ECP_0033,KFF-rplS JVpna-49 ECP_2607,2,7;8
ECP_0056,ECP_0056,KFF-rplS JVpna-49 ECP_2607,2,4;10
ECP_0071,ECP_0071,KFF-rplS JVpna-49 ECP_2607 reverse,2,1;5
ECP_0073,ECP_0073,KFF-rplS JVpna-49 ECP_2607,2,5;7
ECP_0076,ECP_0076,KFF-rplS JVpna-49 ECP_2607,2,4;5
ECP_0081,NA,KFF-rplS JVpna-49 ECP_2607,2,5;9
ECP_0105,guaC,KFF-rplS JVpna-49 ECP_2607 reverse,2,2;8
ECP_0109,ECP_0109,KFF-rplS JVpna-49 ECP_2607 reverse,2,5;10
ECP_0123,ECP_0123,KFF-rplS JVpna-49 ECP_2607 reverse,2,6;8
ECP_0124,ECP_0124,KFF-rplS JVpna-49 ECP_2607,2,1;10
ECP_0135,yadG,KFF-rplS JVpna-49 ECP_2607,2,3;10
ECP_0139,ECP_0139,KFF-rplS JVpna-49 ECP_2607,2,3;10
ECP_0193,accA,KFF-rplS JVpna-49 ECP_2607,2,2;4
ECP_4736,NA,KFF-rplS JVpna-49 ECP_2607 reverse,2,4;7
ECP_0213,dkgB,KFF-rplS JVpna-49 ECP_2607 reverse,2,1;4
ECP_0228,ECP_0228,KFF-rplS JVpna-49 ECP_2607 reverse,2,4;7
ECP_0242,ECP_0242,KFF-rplS JVpna-49 ECP_2607,2,2;9
ECP_0246,ECP_0246,KFF-rplS JVpna-49 ECP_2607,2,9;10
ECP_0261,yafN,KFF-rplS JVpna-49 ECP_2607,2,1;2
ECP_0262,yafO,KFF-rplS JVpna-49 ECP_2607 reverse,2,2;8
ECP_0263,yafP,KFF-rplS JVpna-49 ECP_2607,2,2;10
ECP_0271,proB,KFF-rplS JVpna-49 ECP_2607,2,1;5
ECP_0282,ECP_0282,KFF-rplS JVpna-49 ECP_2607,2,4;10
ECP_0292,ECP_0292,KFF-rplS JVpna-49 ECP_2607 reverse,2,7;8
ECP_0302,iroN,KFF-rplS JVpna-49 ECP_2607 reverse,2,4;10
ECP_0304,ECP_0304,KFF-rplS JVpna-49 ECP_2607 reverse,2,7;10
ECP_0307,ECP_0307,KFF-rplS JVpna-49 ECP_2607 reverse,2,2;8
ECP_0309,ECP_0309,KFF-rplS JVpna-49 ECP_2607 reverse,2,2;4
ECP_0315,ECP_0315,KFF-rplS JVpna-49 ECP_2607,2,5;10
ECP_0327,ECP_0327,KFF-rplS JVpna-49 ECP_2607,2,4;10
ECP_0328,ECP_0328,KFF-rplS JVpna-49 ECP_2607 reverse,2,4;7
ECP_0333,ECP_0333,KFF-rplS JVpna-49 ECP_2607,2,5;9
ECP_0338,ECP_0338,KFF-rplS JVpna-49 ECP_2607 reverse,2,1;7
ECP_0360,ECP_0360,KFF-rplS JVpna-49 ECP_2607,2,5;10
ECP_0374,lutA,KFF-rplS JVpna-49 ECP_2607 reverse,2,9;10
ECP_0378,ECP_0378,KFF-rplS JVpna-49 ECP_2607,2,2;10
ECP_0394,NA,KFF-rplS JVpna-49 ECP_2607 reverse,2,4;6
ECP_0395,yahD,KFF-rplS JVpna-49 ECP_2607 reverse,2,3;7
ECP_0400,yahJ,KFF-rplS JVpna-49 ECP_2607 reverse,2,1;3
ECP_0408,prpC,KFF-rplS JVpna-49 ECP_2607,2,2;4
ECP_0422,ECP_0422,KFF-rplS JVpna-49 ECP_2607,2,2;5
ECP_0453,ECP_0453,KFF-rplS JVpna-49 ECP_2607,2,8;10
ECP_0454,mak,KFF-rplS JVpna-49 ECP_2607,2,5;7
ECP_0456,ECP_0456,KFF-rplS JVpna-49 ECP_2607,2,6;8
ECP_0462,malZ,KFF-rplS JVpna-49 ECP_2607,2,1;10
ECP_0466,yajC,KFF-rplS JVpna-49 ECP_2607,2,1;5
ECP_0479,ECP_0479,KFF-rplS JVpna-49 ECP_2607 reverse,2,1;10
ECP_0481,ECP_0481,KFF-rplS JVpna-49 ECP_2607,2,5;6
ECP_0487,ECP_0487,KFF-rplS JVpna-49 ECP_2607 reverse,2,3;7
ECP_0500,lon,KFF-rplS JVpna-49 ECP_2607,2,4;7
ECP_0501,hupB,KFF-rplS JVpna-49 ECP_2607,2,8;10
ECP_0503,ybaV,KFF-rplS JVpna-49 ECP_2607 reverse,2,1;7
ECP_0541,ushA,KFF-rplS JVpna-49 ECP_2607 reverse,2,1;7
ECP_0547,ybaQ,KFF-rplS JVpna-49 ECP_2607,2,4;10
ECP_0570,glxR,KFF-rplS JVpna-49 ECP_2607,2,1;10
ECP_0575,ECP_0575,KFF-rplS JVpna-49 ECP_2607,2,5;7
ECP_0575,ECP_0575,KFF-rplS JVpna-49 ECP_2607 reverse,2,5;6
ECP_0583,ECP_0583,KFF-rplS JVpna-49 ECP_2607 reverse,2,5;10
ECP_0652,ECP_0652,KFF-rplS JVpna-49 ECP_2607,2,9;10
ECP_0665,ECP_0665,KFF-rplS JVpna-49 ECP_2607 reverse,2,6;7
ECP_0687,ECP_0687,KFF-rplS JVpna-49 ECP_2607 reverse,2,3;4
ECP_0688,ECP_0688,KFF-rplS JVpna-49 ECP_2607,2,4;10
ECP_0690,ECP_0690,KFF-rplS JVpna-49 ECP_2607,2,1;5
ECP_0699,ECP_0699,KFF-rplS JVpna-49 ECP_2607 reverse,2,4;7
ECP_0701,chiP,KFF-rplS JVpna-49 ECP_2607 reverse,2,4;10
ECP_0711,ECP_0711,KFF-rplS JVpna-49 ECP_2607,2,5;7
ECP_0716,ECP_0716,KFF-rplS JVpna-49 ECP_2607 reverse,2,5;6
ECP_0742,ECP_0742,KFF-rplS JVpna-49 ECP_2607,2,3;10
ECP_0750,tolA,KFF-rplS JVpna-49 ECP_2607 reverse,2,5;7
ECP_0752,pal,KFF-rplS JVpna-49 ECP_2607 reverse,2,3;6
ECP_0765,aroG,KFF-rplS JVpna-49 ECP_2607,2,1;8
ECP_0768,ECP_0768,KFF-rplS JVpna-49 ECP_2607 reverse,2,5;7
ECP_0774,ECP_0774,KFF-rplS JVpna-49 ECP_2607 reverse,2,1;8
ECP_0783,ECP_0783,KFF-rplS JVpna-49 ECP_2607 reverse,2,2;3
ECP_0790,ECP_0790,KFF-rplS JVpna-49 ECP_2607 reverse,2,3;9
ECP_0804,ECP_0804,KFF-rplS JVpna-49 ECP_2607,2,9;10
ECP_0814,ybiB,KFF-rplS JVpna-49 ECP_2607 reverse,2,5;6
ECP_0816,ECP_0816,KFF-rplS JVpna-49 ECP_2607,2,1;10
ECP_0820,ECP_0820,KFF-rplS JVpna-49 ECP_2607,2,1;3
ECP_0833,ECP_0833,KFF-rplS JVpna-49 ECP_2607 reverse,2,3;7
ECP_0838,ECP_0838,KFF-rplS JVpna-49 ECP_2607,2,2;6
ECP_0843,ECP_0843,KFF-rplS JVpna-49 ECP_2607 reverse,2,4;7
ECP_0846,gsiD,KFF-rplS JVpna-49 ECP_2607 reverse,2,3;8
ECP_0849,ECP_0849,KFF-rplS JVpna-49 ECP_2607,2,3;4
ECP_0857,ECP_0857,KFF-rplS JVpna-49 ECP_2607 reverse,2,3;7
ECP_0863,ECP_0863,KFF-rplS JVpna-49 ECP_2607,2,3;4
ECP_0876,ECP_0876,KFF-rplS JVpna-49 ECP_2607 reverse,2,8;10
ECP_0893,macA,KFF-rplS JVpna-49 ECP_2607 reverse,2,8;10
ECP_0898,ECP_0898,KFF-rplS JVpna-49 ECP_2607 reverse,2,4;9
ECP_0900,ECP_0900,KFF-rplS JVpna-49 ECP_2607 reverse,2,4;5
ECP_0917,ycaP,KFF-rplS JVpna-49 ECP_2607 reverse,2,4;7
ECP_0922,rpsA,KFF-rplS JVpna-49 ECP_2607 reverse,2,3;4
ECP_0936,ycbB,KFF-rplS JVpna-49 ECP_2607 reverse,2,7;9
ECP_0940,ECP_0940,KFF-rplS JVpna-49 ECP_2607,2,4;5
ECP_0940,ECP_0940,KFF-rplS JVpna-49 ECP_2607 reverse,2,2;6
ECP_0940,ECP_0940,KFF-rplS JVpna-49 ECP_2607,2,5;10
ECP_0941,ECP_0941,KFF-rplS JVpna-49 ECP_2607 reverse,2,3;10
ECP_0951,zapC,KFF-rplS JVpna-49 ECP_2607 reverse,2,2;4
ECP_0971,yccU,KFF-rplS JVpna-49 ECP_2607,2,5;10
ECP_0984,ECP_0984,KFF-rplS JVpna-49 ECP_2607 reverse,2,3;7
ECP_0989,gnsA,KFF-rplS JVpna-49 ECP_2607 reverse,2,3;8
ECP_0995,torA,KFF-rplS JVpna-49 ECP_2607,2,5;10
ECP_0996,torD,KFF-rplS JVpna-49 ECP_2607,2,5;10
ECP_1023,ECP_1023,KFF-rplS JVpna-49 ECP_2607 reverse,2,6;9
ECP_1041,mdoG,KFF-rplS JVpna-49 ECP_2607,2,1;10
ECP_1041,mdoG,KFF-rplS JVpna-49 ECP_2607,2,5;10
ECP_1051,ECP_1051,KFF-rplS JVpna-49 ECP_2607,2,4;5
ECP_1063,ECP_1063,KFF-rplS JVpna-49 ECP_2607 reverse,2,4;6
ECP_1063,ECP_1063,KFF-rplS JVpna-49 ECP_2607,2,4;5
ECP_1063,ECP_1063,KFF-rplS JVpna-49 ECP_2607 reverse,2,8;10
ECP_1076,ECP_1076,KFF-rplS JVpna-49 ECP_2607,2,1;5
ECP_1084,fabD,KFF-rplS JVpna-49 ECP_2607 reverse,2,1;4
ECP_1085,ECP_1085,KFF-rplS JVpna-49 ECP_2607 reverse,2,4;5
ECP_1085,ECP_1085,KFF-rplS JVpna-49 ECP_2607,2,5;10
ECP_1086,acpP,KFF-rplS JVpna-49 ECP_2607,2,3;7
ECP_1086,acpP,KFF-rplS JVpna-49 ECP_2607,2,2;4
ECP_1098,thiK,KFF-rplS JVpna-49 ECP_2607,2,8;9
ECP_1125,ECP_1125,KFF-rplS JVpna-49 ECP_2607 reverse,2,4;6
ECP_1146,ECP_1146,KFF-rplS JVpna-49 ECP_2607,2,3;10
ECP_1157,ECP_1157,KFF-rplS JVpna-49 ECP_2607,2,7;8
ECP_1191,ECP_1191,KFF-rplS JVpna-49 ECP_2607 reverse,2,2;4
ECP_1191,ECP_1191,KFF-rplS JVpna-49 ECP_2607,2,5;10
ECP_1192,ECP_1192,KFF-rplS JVpna-49 ECP_2607,2,9;10
ECP_1196,ECP_1196,KFF-rplS JVpna-49 ECP_2607,2,4;5
ECP_1216,ECP_1216,KFF-rplS JVpna-49 ECP_2607,2,9;10
ECP_1221,ECP_1221,KFF-rplS JVpna-49 ECP_2607,2,7;9
ECP_1243,ECP_1243,KFF-rplS JVpna-49 ECP_2607 reverse,2,3;7
ECP_1244,ECP_1244,KFF-rplS JVpna-49 ECP_2607,2,1;8
ECP_1247,ECP_1247,KFF-rplS JVpna-49 ECP_2607,2,5;7
ECP_1248,ECP_1248,KFF-rplS JVpna-49 ECP_2607,2,5;10
ECP_1251,ECP_1251,KFF-rplS JVpna-49 ECP_2607 reverse,2,3;10
ECP_1251,ECP_1251,KFF-rplS JVpna-49 ECP_2607,2,5;9
ECP_1252,ECP_1252,KFF-rplS JVpna-49 ECP_2607 reverse,2,3;4
ECP_1256,ECP_1256,KFF-rplS JVpna-49 ECP_2607,2,5;9
ECP_1262,ychA,KFF-rplS JVpna-49 ECP_2607,2,3;5
ECP_1273,narK,KFF-rplS JVpna-49 ECP_2607 reverse,2,7;9
ECP_1281,rssA,KFF-rplS JVpna-49 ECP_2607,2,1;5
ECP_1283,galU,KFF-rplS JVpna-49 ECP_2607 reverse,2,4;8
ECP_1287,ECP_1287,KFF-rplS JVpna-49 ECP_2607,2,2;8
ECP_1306,ECP_1306,KFF-rplS JVpna-49 ECP_2607,2,4;10
ECP_1323,ECP_1323,KFF-rplS JVpna-49 ECP_2607,2,5;10
ECP_1328,ECP_1328,KFF-rplS JVpna-49 ECP_2607,2,6;9
ECP_1336,ECP_1336,KFF-rplS JVpna-49 ECP_2607 reverse,2,9;10
ECP_1337,ECP_1337,KFF-rplS JVpna-49 ECP_2607 reverse,2,1;9
ECP_1342,ECP_1342,KFF-rplS JVpna-49 ECP_2607 reverse,2,1;4
ECP_1344,mexA,KFF-rplS JVpna-49 ECP_2607,2,5;10
ECP_1352,ECP_1352,KFF-rplS JVpna-49 ECP_2607,2,2;9
ECP_1353,ECP_1353,KFF-rplS JVpna-49 ECP_2607,2,5;10
ECP_1356,pspA,KFF-rplS JVpna-49 ECP_2607,2,5;7
ECP_1356,pspA,KFF-rplS JVpna-49 ECP_2607,2,2;9
ECP_1359,pspD,KFF-rplS JVpna-49 ECP_2607,2,3;10
ECP_1362,NA,KFF-rplS JVpna-49 ECP_2607 reverse,2,2;4
ECP_1365,ycjQ,KFF-rplS JVpna-49 ECP_2607 reverse,2,5;9
ECP_1368,ycjT,KFF-rplS JVpna-49 ECP_2607,2,1;10
ECP_1381,ECP_1381,KFF-rplS JVpna-49 ECP_2607 reverse,2,3;6
ECP_1383,ECP_1383,KFF-rplS JVpna-49 ECP_2607,2,3;10
ECP_1394,ECP_1394,KFF-rplS JVpna-49 ECP_2607,2,5;9
ECP_1395,zntB,KFF-rplS JVpna-49 ECP_2607,2,5;9
ECP_1400,ECP_1400,KFF-rplS JVpna-49 ECP_2607,2,3;10
ECP_1422,cybB,KFF-rplS JVpna-49 ECP_2607,2,9;10
ECP_1442,ydcS,KFF-rplS JVpna-49 ECP_2607,2,2;3
ECP_1455,NA,KFF-rplS JVpna-49 ECP_2607,2,2;6
ECP_1456,NA,KFF-rplS JVpna-49 ECP_2607,2,5;7
ECP_1456,NA,KFF-rplS JVpna-49 ECP_2607,2,2;10
ECP_1457,ECP_1457,KFF-rplS JVpna-49 ECP_2607,2,6;10
ECP_1462,NA,KFF-rplS JVpna-49 ECP_2607 reverse,2,2;3
ECP_1463,NA,KFF-rplS JVpna-49 ECP_2607,2,5;7
ECP_1489,ECP_1489,KFF-rplS JVpna-49 ECP_2607 reverse,2,5;7
ECP_1498,NA,KFF-rplS JVpna-49 ECP_2607,2,2;10
ECP_1498,NA,KFF-rplS JVpna-49 ECP_2607 reverse,2,3;7
ECP_1503,tam,KFF-rplS JVpna-49 ECP_2607 reverse,2,6;7
ECP_1519,ECP_1519,KFF-rplS JVpna-49 ECP_2607,2,6;7
ECP_1530,ECP_1530,KFF-rplS JVpna-49 ECP_2607 reverse,2,3;4
ECP_1531,ynfB,KFF-rplS JVpna-49 ECP_2607,2,1;10
ECP_1539,ECP_1539,KFF-rplS JVpna-49 ECP_2607 reverse,2,3;8
ECP_1541,ECP_1541,KFF-rplS JVpna-49 ECP_2607,2,4;8
ECP_1546,ECP_1546,KFF-rplS JVpna-49 ECP_2607,2,7;9
ECP_1559,ECP_1559,KFF-rplS JVpna-49 ECP_2607,2,5;8
ECP_1559,ECP_1559,KFF-rplS JVpna-49 ECP_2607,2,1;4
ECP_1575,rnfD,KFF-rplS JVpna-49 ECP_2607 reverse,2,4;6
ECP_1577,rnfE,KFF-rplS JVpna-49 ECP_2607 reverse,2,4;7
ECP_1582,ECP_1582,KFF-rplS JVpna-49 ECP_2607 reverse,2,4;8
ECP_1588,ECP_1588,KFF-rplS JVpna-49 ECP_2607,2,1;8
ECP_1611,ECP_1611,KFF-rplS JVpna-49 ECP_2607,2,5;9
ECP_1624,ECP_1624,KFF-rplS JVpna-49 ECP_2607 reverse,2,2;10
ECP_1644,ydiQ,KFF-rplS JVpna-49 ECP_2607,2,5;10
ECP_1645,ydiR,KFF-rplS JVpna-49 ECP_2607,2,4;5
ECP_1652,aroH,KFF-rplS JVpna-49 ECP_2607,2,3;6
ECP_1653,hemP,KFF-rplS JVpna-49 ECP_2607,2,8;10
ECP_1657,ECP_1657,KFF-rplS JVpna-49 ECP_2607 reverse,2,1;4
ECP_1661,ECP_1661,KFF-rplS JVpna-49 ECP_2607,2,2;10
ECP_1661,ECP_1661,KFF-rplS JVpna-49 ECP_2607 reverse,2,3;7
ECP_1676,ydjN,KFF-rplS JVpna-49 ECP_2607,2,5;8
ECP_1705,nudG,KFF-rplS JVpna-49 ECP_2607,2,3;10
ECP_1710,ECP_1710,KFF-rplS JVpna-49 ECP_2607,2,1;10
ECP_1727,gapA,KFF-rplS JVpna-49 ECP_2607 reverse,2,3;7
ECP_1735,yeaK,KFF-rplS JVpna-49 ECP_2607 reverse,2,4;7
ECP_1739,yeaO,KFF-rplS JVpna-49 ECP_2607,2,5;9
ECP_1745,ECP_1745,KFF-rplS JVpna-49 ECP_2607 reverse,2,3;4
ECP_1752,yoaB,KFF-rplS JVpna-49 ECP_2607,2,5;10
ECP_1757,sdaA,KFF-rplS JVpna-49 ECP_2607 reverse,2,9;10
ECP_1763,yobD,KFF-rplS JVpna-49 ECP_2607 reverse,2,4;10
ECP_1792,ECP_1792,KFF-rplS JVpna-49 ECP_2607,2,1;2
ECP_1806,yebB,KFF-rplS JVpna-49 ECP_2607 reverse,2,3;10
ECP_1817,ECP_1817,KFF-rplS JVpna-49 ECP_2607,2,3;10
ECP_1827,ECP_1827,KFF-rplS JVpna-49 ECP_2607,2,5;7
ECP_1827,ECP_1827,KFF-rplS JVpna-49 ECP_2607 reverse,2,5;7
ECP_1837,uspC,KFF-rplS JVpna-49 ECP_2607,2,2;3
ECP_1851,ECP_1851,KFF-rplS JVpna-49 ECP_2607 reverse,2,2;7
ECP_1867,ompD,KFF-rplS JVpna-49 ECP_2607,2,7;8
ECP_1871,ECP_1871,KFF-rplS JVpna-49 ECP_2607,2,8;9
ECP_1901,ECP_1901,KFF-rplS JVpna-49 ECP_2607,2,5;10
ECP_1911,ECP_1911,KFF-rplS JVpna-49 ECP_2607,2,1;10
ECP_1921,ECP_1921,KFF-rplS JVpna-49 ECP_2607,2,8;10
ECP_1927,hns,KFF-rplS JVpna-49 ECP_2607,2,2;4
ECP_1930,NA,KFF-rplS JVpna-49 ECP_2607 reverse,2,1;3
ECP_1931,NA,KFF-rplS JVpna-49 ECP_2607,2,4;10
ECP_1958,nac,KFF-rplS JVpna-49 ECP_2607 reverse,2,3;5
ECP_1965,ECP_1965,KFF-rplS JVpna-49 ECP_2607,2,2;3
ECP_1975,ECP_1975,KFF-rplS JVpna-49 ECP_2607,2,4;9
ECP_1976,ECP_1976,KFF-rplS JVpna-49 ECP_2607 reverse,2,3;7
ECP_1980,ECP_1980,KFF-rplS JVpna-49 ECP_2607 reverse,2,3;8
ECP_1996,ECP_1996,KFF-rplS JVpna-49 ECP_2607 reverse,2,2;7
ECP_1999,ECP_1999,KFF-rplS JVpna-49 ECP_2607 reverse,2,6;9
ECP_2012,ECP_2012,KFF-rplS JVpna-49 ECP_2607,2,3;9
ECP_2021,ECP_2021,KFF-rplS JVpna-49 ECP_2607 reverse,2,3;7
ECP_2035,ECP_2035,KFF-rplS JVpna-49 ECP_2607,2,5;10
ECP_2043,ECP_2043,KFF-rplS JVpna-49 ECP_2607,2,4;9
ECP_2046,ECP_2046,KFF-rplS JVpna-49 ECP_2607,2,8;10
ECP_2048,NA,KFF-rplS JVpna-49 ECP_2607 reverse,2,1;7
ECP_2049,ECP_2049,KFF-rplS JVpna-49 ECP_2607,2,5;10
ECP_2051,ECP_2051,KFF-rplS JVpna-49 ECP_2607,2,2;8
ECP_2051,ECP_2051,KFF-rplS JVpna-49 ECP_2607 reverse,2,2;7
ECP_2053,ECP_2053,KFF-rplS JVpna-49 ECP_2607 reverse,2,1;10
ECP_2058,ECP_2058,KFF-rplS JVpna-49 ECP_2607 reverse,2,2;7
ECP_2070,ECP_2070,KFF-rplS JVpna-49 ECP_2607,2,1;5
ECP_2070,ECP_2070,KFF-rplS JVpna-49 ECP_2607 reverse,2,6;7
ECP_2071,ECP_2071,KFF-rplS JVpna-49 ECP_2607,2,1;6
ECP_2071,ECP_2071,KFF-rplS JVpna-49 ECP_2607 reverse,2,4;7
ECP_2074,ECP_2074,KFF-rplS JVpna-49 ECP_2607,2,8;9
ECP_2075,ECP_2075,KFF-rplS JVpna-49 ECP_2607 reverse,2,3;7
ECP_2079,ECP_2079,KFF-rplS JVpna-49 ECP_2607 reverse,2,1;7
ECP_2082,ECP_2082,KFF-rplS JVpna-49 ECP_2607,2,5;10
ECP_2090,ECP_2090,KFF-rplS JVpna-49 ECP_2607 reverse,2,3;7
ECP_2095,NA,KFF-rplS JVpna-49 ECP_2607,2,2;7
ECP_2130,ECP_2130,KFF-rplS JVpna-49 ECP_2607,2,6;10
ECP_2145,yohN,KFF-rplS JVpna-49 ECP_2607 reverse,2,3;4
ECP_2148,NA,KFF-rplS JVpna-49 ECP_2607,2,3;7
ECP_2149,ECP_2149,KFF-rplS JVpna-49 ECP_2607,2,2;10
ECP_2161,yehR,KFF-rplS JVpna-49 ECP_2607 reverse,2,5;9
ECP_2164,ECP_2164,KFF-rplS JVpna-49 ECP_2607 reverse,2,2;5
ECP_2170,ECP_2170,KFF-rplS JVpna-49 ECP_2607,2,4;5
ECP_2180,lrgA,KFF-rplS JVpna-49 ECP_2607,2,1;2
ECP_2182,cdd,KFF-rplS JVpna-49 ECP_2607,2,1;2
ECP_2187,ECP_2187,KFF-rplS JVpna-49 ECP_2607 reverse,2,2;4
ECP_2188,ECP_2188,KFF-rplS JVpna-49 ECP_2607,2,8;9
ECP_2203,yeiL,KFF-rplS JVpna-49 ECP_2607,2,3;5
ECP_2204,ECP_2204,KFF-rplS JVpna-49 ECP_2607,2,2;5
ECP_2215,lpxT,KFF-rplS JVpna-49 ECP_2607,2,4;10
ECP_2218,yejA,KFF-rplS JVpna-49 ECP_2607,2,1;5
ECP_2226,rplY,KFF-rplS JVpna-49 ECP_2607,2,3;7
ECP_2240,ECP_2240,KFF-rplS JVpna-49 ECP_2607,2,4;9
ECP_2243,ECP_2243,KFF-rplS JVpna-49 ECP_2607,2,6;10
ECP_2244,ECP_2244,KFF-rplS JVpna-49 ECP_2607,2,5;10
ECP_2256,ECP_2256,KFF-rplS JVpna-49 ECP_2607 reverse,2,3;7
ECP_2268,atoB,KFF-rplS JVpna-49 ECP_2607 reverse,2,3;7
ECP_2271,ECP_2271,KFF-rplS JVpna-49 ECP_2607,2,3;10
ECP_2332,ECP_2332,KFF-rplS JVpna-49 ECP_2607,2,8;10
ECP_2340,ECP_2340,KFF-rplS JVpna-49 ECP_2607,2,2;5
ECP_2348,ECP_2348,KFF-rplS JVpna-49 ECP_2607,2,2;10
ECP_2354,ECP_2354,KFF-rplS JVpna-49 ECP_2607 reverse,2,3;7
ECP_2388,cscA,KFF-rplS JVpna-49 ECP_2607 reverse,2,3;4
ECP_2396,ECP_2396,KFF-rplS JVpna-49 ECP_2607,2,5;10
ECP_2398,ECP_2398,KFF-rplS JVpna-49 ECP_2607,2,6;7
ECP_2401,ECP_2401,KFF-rplS JVpna-49 ECP_2607 reverse,2,4;7
ECP_2405,ECP_2405,KFF-rplS JVpna-49 ECP_2607,2,9;10
ECP_2413,NA,KFF-rplS JVpna-49 ECP_2607 reverse,2,6;7
ECP_2429,ECP_2429,KFF-rplS JVpna-49 ECP_2607,2,1;2
ECP_2445,ECP_2445,KFF-rplS JVpna-49 ECP_2607,2,2;5
ECP_2448,ECP_2448,KFF-rplS JVpna-49 ECP_2607,2,3;8
ECP_2468,NA,KFF-rplS JVpna-49 ECP_2607 reverse,2,2;7
ECP_2470,ECP_2470,KFF-rplS JVpna-49 ECP_2607 reverse,2,3;8
ECP_2477,ECP_2477,KFF-rplS JVpna-49 ECP_2607 reverse,2,5;9
ECP_2481,narQ,KFF-rplS JVpna-49 ECP_2607 reverse,2,3;5
ECP_2490,ECP_2490,KFF-rplS JVpna-49 ECP_2607 reverse,2,5;6
ECP_2500,ECP_2500,KFF-rplS JVpna-49 ECP_2607 reverse,2,7;10
ECP_2515,ECP_2515,KFF-rplS JVpna-49 ECP_2607 reverse,2,8;10
ECP_2518,ECP_2518,KFF-rplS JVpna-49 ECP_2607,2,3;7
ECP_2529,ECP_2529,KFF-rplS JVpna-49 ECP_2607 reverse,2,4;10
ECP_2533,ECP_2533,KFF-rplS JVpna-49 ECP_2607,2,4;7
ECP_2560,mltF,KFF-rplS JVpna-49 ECP_2607 reverse,2,4;10
ECP_2566,ECP_2566,KFF-rplS JVpna-49 ECP_2607,2,2;10
ECP_2566,ECP_2566,KFF-rplS JVpna-49 ECP_2607,2,1;5
ECP_2572,ECP_2572,KFF-rplS JVpna-49 ECP_2607 reverse,2,3;10
ECP_4732,NA,KFF-rplS JVpna-49 ECP_2607 reverse,2,4;7
ECP_2598,bamD,KFF-rplS JVpna-49 ECP_2607,2,2;6
ECP_2599,ECP_2599,KFF-rplS JVpna-49 ECP_2607,2,3;10
ECP_2603,yfiL,KFF-rplS JVpna-49 ECP_2607,2,5;10
ECP_2614,ECP_2614,KFF-rplS JVpna-49 ECP_2607,2,3;5
ECP_2634,ECP_2634,KFF-rplS JVpna-49 ECP_2607 reverse,2,4;7
ECP_2646,ygaY,KFF-rplS JVpna-49 ECP_2607,2,5;10
ECP_2649,mprA,KFF-rplS JVpna-49 ECP_2607,2,3;5
ECP_2650,emrA,KFF-rplS JVpna-49 ECP_2607,2,2;4
ECP_2665,ECP_2665,KFF-rplS JVpna-49 ECP_2607 reverse,2,6;7
ECP_2675,ECP_2675,KFF-rplS JVpna-49 ECP_2607,2,5;10
ECP_2677,ascB,KFF-rplS JVpna-49 ECP_2607 reverse,2,4;7
ECP_2682,ECP_2682,KFF-rplS JVpna-49 ECP_2607,2,3;8
ECP_2692,hypD,KFF-rplS JVpna-49 ECP_2607,2,5;9
ECP_2711,mutS,KFF-rplS JVpna-49 ECP_2607,2,5;8
ECP_2715,ECP_2715,KFF-rplS JVpna-49 ECP_2607,2,5;10
ECP_2722,ECP_2722,KFF-rplS JVpna-49 ECP_2607,2,2;3
ECP_2742,ygcP,KFF-rplS JVpna-49 ECP_2607,2,5;8
ECP_2751,scrY,KFF-rplS JVpna-49 ECP_2607,2,9;10
ECP_2768,ECP_2768,KFF-rplS JVpna-49 ECP_2607,2,1;4
ECP_2795,ECP_2795,KFF-rplS JVpna-49 ECP_2607,2,1;6
ECP_2810,ECP_2810,KFF-rplS JVpna-49 ECP_2607,2,5;10
ECP_2813,ECP_2813,KFF-rplS JVpna-49 ECP_2607 reverse,2,3;9
ECP_2815,ECP_2815,KFF-rplS JVpna-49 ECP_2607 reverse,2,7;10
ECP_2825,ECP_2825,KFF-rplS JVpna-49 ECP_2607 reverse,2,4;7
ECP_2832,ECP_2832,KFF-rplS JVpna-49 ECP_2607,2,4;5
ECP_2833,ECP_2833,KFF-rplS JVpna-49 ECP_2607,2,1;2
ECP_2847,tas,KFF-rplS JVpna-49 ECP_2607 reverse,2,3;7
ECP_2859,ECP_2859,KFF-rplS JVpna-49 ECP_2607,2,2;6
ECP_2866,ygeY,KFF-rplS JVpna-49 ECP_2607 reverse,2,6;7
ECP_2868,ECP_2868,KFF-rplS JVpna-49 ECP_2607,2,1;5
ECP_2868,ECP_2868,KFF-rplS JVpna-49 ECP_2607 reverse,2,6;7
ECP_2886,ECP_2886,KFF-rplS JVpna-49 ECP_2607,2,3;10
ECP_2913,ECP_2913,KFF-rplS JVpna-49 ECP_2607 reverse,2,3;8
ECP_2927,NA,KFF-rplS JVpna-49 ECP_2607,2,3;9
ECP_2956,yggX,KFF-rplS JVpna-49 ECP_2607,2,1;3
ECP_2977,ECP_2977,KFF-rplS JVpna-49 ECP_2607 reverse,2,2;10
ECP_2979,ECP_2979,KFF-rplS JVpna-49 ECP_2607,2,2;10
ECP_3001,NA,KFF-rplS JVpna-49 ECP_2607 reverse,2,3;7
ECP_3011,ECP_3011,KFF-rplS JVpna-49 ECP_2607,2,1;9
ECP_3027,ECP_3027,KFF-rplS JVpna-49 ECP_2607,2,2;9
ECP_3036,ECP_3036,KFF-rplS JVpna-49 ECP_2607,2,2;7
ECP_3051,ECP_3051,KFF-rplS JVpna-49 ECP_2607,2,3;8
ECP_3053,ECP_3053,KFF-rplS JVpna-49 ECP_2607,2,4;5
ECP_3063,ECP_3063,KFF-rplS JVpna-49 ECP_2607,2,5;9
ECP_3073,ECP_3073,KFF-rplS JVpna-49 ECP_2607,2,3;5
ECP_3080,ECP_3080,KFF-rplS JVpna-49 ECP_2607,2,4;5
ECP_3089,ECP_3089,KFF-rplS JVpna-49 ECP_2607,2,7;9
ECP_3108,ECP_3108,KFF-rplS JVpna-49 ECP_2607,2,3;5
ECP_3114,mdaB,KFF-rplS JVpna-49 ECP_2607,2,4;5
ECP_3119,ECP_3119,KFF-rplS JVpna-49 ECP_2607,2,4;10
ECP_3125,ECP_3125,KFF-rplS JVpna-49 ECP_2607,2,4;5
ECP_3132,dsbB,KFF-rplS JVpna-49 ECP_2607 reverse,2,2;10
ECP_3141,ECP_3141,KFF-rplS JVpna-49 ECP_2607,2,6;10
ECP_3149,plsY,KFF-rplS JVpna-49 ECP_2607,2,2;3
ECP_3163,patA,KFF-rplS JVpna-49 ECP_2607 reverse,2,1;4
ECP_3172,fadH,KFF-rplS JVpna-49 ECP_2607,2,2;3
ECP_3184,exuT,KFF-rplS JVpna-49 ECP_2607,2,4;5
ECP_3196,yqjK,KFF-rplS JVpna-49 ECP_2607 reverse,2,4;6
ECP_3197,yqjF,KFF-rplS JVpna-49 ECP_2607,2,7;8
ECP_3201,yhaK,KFF-rplS JVpna-49 ECP_2607,2,1;10
ECP_3202,yhaL,KFF-rplS JVpna-49 ECP_2607 reverse,2,6;7
ECP_3203,ECP_3203,KFF-rplS JVpna-49 ECP_2607,2,6;8
ECP_3204,ECP_3204,KFF-rplS JVpna-49 ECP_2607,2,5;6
ECP_3204,ECP_3204,KFF-rplS JVpna-49 ECP_2607,2,9;10
ECP_3229,kbaY,KFF-rplS JVpna-49 ECP_2607,2,1;2
ECP_3230,agaB,KFF-rplS JVpna-49 ECP_2607 reverse,2,4;9
ECP_3234,ECP_3234,KFF-rplS JVpna-49 ECP_2607 reverse,2,1;3
ECP_3241,yfkM,KFF-rplS JVpna-49 ECP_2607 reverse,2,6;7
ECP_3242,ECP_3242,KFF-rplS JVpna-49 ECP_2607 reverse,2,1;7
ECP_3246,yhbU,KFF-rplS JVpna-49 ECP_2607,2,9;10
ECP_3250,ECP_3250,KFF-rplS JVpna-49 ECP_2607,2,1;6
ECP_3256,ECP_3256,KFF-rplS JVpna-49 ECP_2607 reverse,2,2;6
ECP_3268,ECP_3268,KFF-rplS JVpna-49 ECP_2607 reverse,2,3;8
ECP_3269,dacB,KFF-rplS JVpna-49 ECP_2607,2,2;9
ECP_3270,ECP_3270,KFF-rplS JVpna-49 ECP_2607 reverse,2,4;7
ECP_3273,hepS,KFF-rplS JVpna-49 ECP_2607 reverse,2,5;9
ECP_3292,ptsN,KFF-rplS JVpna-49 ECP_2607,2,5;10
ECP_3307,ECP_3307,KFF-rplS JVpna-49 ECP_2607 reverse,2,6;9
ECP_3311,ECP_3311,KFF-rplS JVpna-49 ECP_2607,2,6;10
ECP_3315,ECP_3315,KFF-rplS JVpna-49 ECP_2607 reverse,2,3;8
ECP_3322,yhcN,KFF-rplS JVpna-49 ECP_2607,2,5;10
ECP_3328,ECP_3328,KFF-rplS JVpna-49 ECP_2607 reverse,2,6;7
ECP_3328,ECP_3328,KFF-rplS JVpna-49 ECP_2607,2,4;5
ECP_3333,ECP_3333,KFF-rplS JVpna-49 ECP_2607,2,3;10
ECP_3346,ECP_3346,KFF-rplS JVpna-49 ECP_2607 reverse,2,1;3
ECP_3348,ECP_3348,KFF-rplS JVpna-49 ECP_2607 reverse,2,5;10
ECP_3352,prmA,KFF-rplS JVpna-49 ECP_2607,2,5;7
ECP_3354,fis,KFF-rplS JVpna-49 ECP_2607,2,5;7
ECP_3366,yhdZ,KFF-rplS JVpna-49 ECP_2607,2,2;4
ECP_4706,NA,KFF-rplS JVpna-49 ECP_2607,2,7;9
ECP_4745,NA,KFF-rplS JVpna-49 ECP_2607 reverse,2,4;7
ECP_3377,trkA,KFF-rplS JVpna-49 ECP_2607,2,3;5
ECP_3377,trkA,KFF-rplS JVpna-49 ECP_2607,2,8;10
ECP_3378,mscL,KFF-rplS JVpna-49 ECP_2607 reverse,2,1;3
ECP_3381,ECP_3381,KFF-rplS JVpna-49 ECP_2607 reverse,2,8;10
ECP_3390,ECP_3390,KFF-rplS JVpna-49 ECP_2607,2,6;9
ECP_3398,ECP_3398,KFF-rplS JVpna-49 ECP_2607 reverse,2,4;6
ECP_3401,ECP_3401,KFF-rplS JVpna-49 ECP_2607,2,5;7
ECP_3405,ECP_3405,KFF-rplS JVpna-49 ECP_2607 reverse,2,6;9
ECP_3447,ECP_3447,KFF-rplS JVpna-49 ECP_2607 reverse,2,6;7
ECP_3468,ECP_3468,KFF-rplS JVpna-49 ECP_2607,2,2;9
ECP_3474,ECP_3474,KFF-rplS JVpna-49 ECP_2607 reverse,2,2;5
ECP_3478,ECP_3478,KFF-rplS JVpna-49 ECP_2607 reverse,2,4;5
ECP_3484,yrfF,KFF-rplS JVpna-49 ECP_2607,2,4;5
ECP_3490,ECP_3490,KFF-rplS JVpna-49 ECP_2607,2,4;5
ECP_3505,ECP_3505,KFF-rplS JVpna-49 ECP_2607,2,5;10
ECP_3515,ECP_3515,KFF-rplS JVpna-49 ECP_2607 reverse,2,3;6
ECP_3528,yhgN,KFF-rplS JVpna-49 ECP_2607,2,1;8
ECP_3531,ECP_3531,KFF-rplS JVpna-49 ECP_2607 reverse,2,2;3
ECP_3538,yrhA,KFF-rplS JVpna-49 ECP_2607,2,5;10
ECP_3539,yrhB,KFF-rplS JVpna-49 ECP_2607,2,1;10
ECP_3549,ECP_3549,KFF-rplS JVpna-49 ECP_2607,2,4;10
ECP_3549,ECP_3549,KFF-rplS JVpna-49 ECP_2607 reverse,2,1;7
ECP_3551,ECP_3551,KFF-rplS JVpna-49 ECP_2607 reverse,2,3;7
ECP_3556,ECP_3556,KFF-rplS JVpna-49 ECP_2607 reverse,2,4;10
ECP_3593,NA,KFF-rplS JVpna-49 ECP_2607,2,5;10
ECP_3598,ECP_3598,KFF-rplS JVpna-49 ECP_2607,2,4;10
ECP_3602,hutX,KFF-rplS JVpna-49 ECP_2607,2,1;3
ECP_3608,ECP_3608,KFF-rplS JVpna-49 ECP_2607,2,4;8
ECP_3610,yqeH,KFF-rplS JVpna-49 ECP_2607,2,5;10
ECP_3624,ECP_3624,KFF-rplS JVpna-49 ECP_2607,2,2;4
ECP_3641,ECP_3641,KFF-rplS JVpna-49 ECP_2607,2,2;4
ECP_3657,ECP_3657,KFF-rplS JVpna-49 ECP_2607 reverse,2,6;7
ECP_3658,yiaG,KFF-rplS JVpna-49 ECP_2607 reverse,2,5;8
ECP_3659,cspA,KFF-rplS JVpna-49 ECP_2607 reverse,2,1;3
ECP_3700,ECP_3700,KFF-rplS JVpna-49 ECP_2607,2,7;9
ECP_3702,NA,KFF-rplS JVpna-49 ECP_2607 reverse,2,3;7
ECP_3716,ECP_3716,KFF-rplS JVpna-49 ECP_2607,2,3;10
ECP_3722,ECP_3722,KFF-rplS JVpna-49 ECP_2607,2,8;9
ECP_3727,ECP_3727,KFF-rplS JVpna-49 ECP_2607,2,1;4
ECP_3760,NA,KFF-rplS JVpna-49 ECP_2607,2,2;3
ECP_3816,ECP_3816,KFF-rplS JVpna-49 ECP_2607 reverse,2,2;8
ECP_3816,ECP_3816,KFF-rplS JVpna-49 ECP_2607 reverse,2,5;10
ECP_3829,hlyD,KFF-rplS JVpna-49 ECP_2607 reverse,2,3;7
ECP_3832,ibrB,KFF-rplS JVpna-49 ECP_2607 reverse,2,2;7
ECP_3857,ECP_3857,KFF-rplS JVpna-49 ECP_2607,2,8;10
ECP_3859,ECP_3859,KFF-rplS JVpna-49 ECP_2607 reverse,2,1;7
ECP_3860,ECP_3860,KFF-rplS JVpna-49 ECP_2607,2,5;10
ECP_3869,ECP_3869,KFF-rplS JVpna-49 ECP_2607,2,2;5
ECP_3871,ade,KFF-rplS JVpna-49 ECP_2607,2,4;10
ECP_3885,yidL,KFF-rplS JVpna-49 ECP_2607 reverse,2,2;3
ECP_3907,mnmE,KFF-rplS JVpna-49 ECP_2607,2,2;5
ECP_3914,ECP_3914,KFF-rplS JVpna-49 ECP_2607,2,2;5
ECP_3918,ECP_3918,KFF-rplS JVpna-49 ECP_2607 reverse,2,3;7
ECP_3920,ECP_3920,KFF-rplS JVpna-49 ECP_2607,2,1;10
ECP_3921,ECP_3921,KFF-rplS JVpna-49 ECP_2607,2,3;10
ECP_3927,ECP_3927,KFF-rplS JVpna-49 ECP_2607,2,2;10
ECP_3927,ECP_3927,KFF-rplS JVpna-49 ECP_2607,2,3;9
ECP_3928,ECP_3928,KFF-rplS JVpna-49 ECP_2607,2,4;9
ECP_3931,ECP_3931,KFF-rplS JVpna-49 ECP_2607 reverse,2,4;8
ECP_3942,ECP_3942,KFF-rplS JVpna-49 ECP_2607,2,8;9
ECP_3949,ECP_3949,KFF-rplS JVpna-49 ECP_2607 reverse,2,6;7
ECP_4749,NA,KFF-rplS JVpna-49 ECP_2607 reverse,2,4;7
ECP_3960,yifE,KFF-rplS JVpna-49 ECP_2607,2,1;7
ECP_3963,ilvE,KFF-rplS JVpna-49 ECP_2607 reverse,2,3;7
ECP_3972,ECP_3972,KFF-rplS JVpna-49 ECP_2607,2,2;4
ECP_4006,yigB,KFF-rplS JVpna-49 ECP_2607,2,5;9
ECP_4008,ECP_4008,KFF-rplS JVpna-49 ECP_2607,2,5;8
ECP_4012,ECP_4012,KFF-rplS JVpna-49 ECP_2607,2,1;8
ECP_4020,yigL,KFF-rplS JVpna-49 ECP_2607 reverse,2,4;5
ECP_4028,ECP_4028,KFF-rplS JVpna-49 ECP_2607 reverse,2,4;7
ECP_4030,ECP_4030,KFF-rplS JVpna-49 ECP_2607,2,1;10
ECP_4053,tatC,KFF-rplS JVpna-49 ECP_2607 reverse,2,5;6
ECP_4056,ubiD,KFF-rplS JVpna-49 ECP_2607,2,2;7
ECP_4742,NA,KFF-rplS JVpna-49 ECP_2607 reverse,2,4;7
ECP_4064,NA,KFF-rplS JVpna-49 ECP_2607 reverse,2,4;6
ECP_4073,ECP_4073,KFF-rplS JVpna-49 ECP_2607,2,4;5
ECP_4081,ECP_4081,KFF-rplS JVpna-49 ECP_2607 reverse,2,4;5
ECP_4083,yihL,KFF-rplS JVpna-49 ECP_2607 reverse,2,1;4
ECP_4086,ECP_4086,KFF-rplS JVpna-49 ECP_2607 reverse,2,8;10
ECP_4088,yihU,KFF-rplS JVpna-49 ECP_2607 reverse,2,8;10
ECP_4092,GJ11_24635,KFF-rplS JVpna-49 ECP_2607,2,9;10
ECP_4098,ECP_4098,KFF-rplS JVpna-49 ECP_2607 reverse,2,2;7
ECP_4102,yiiE,KFF-rplS JVpna-49 ECP_2607 reverse,2,6;9
ECP_4110,ECP_4110,KFF-rplS JVpna-49 ECP_2607,2,5;10
ECP_4114,ECP_4114,KFF-rplS JVpna-49 ECP_2607,2,2;10
ECP_4123,cpxP,KFF-rplS JVpna-49 ECP_2607,2,5;9
ECP_4124,fieF,KFF-rplS JVpna-49 ECP_2607 reverse,2,8;10
ECP_4135,ECP_4135,KFF-rplS JVpna-49 ECP_2607 reverse,2,3;4
ECP_4136,ECP_4136,KFF-rplS JVpna-49 ECP_2607,2,1;2
ECP_4143,ECP_4143,KFF-rplS JVpna-49 ECP_2607 reverse,2,5;7
ECP_4147,ECP_4147,KFF-rplS JVpna-49 ECP_2607 reverse,2,4;10
ECP_4154,soxB,KFF-rplS JVpna-49 ECP_2607 reverse,2,3;4
ECP_4155,metF,KFF-rplS JVpna-49 ECP_2607,2,3;4
ECP_4181,yijD,KFF-rplS JVpna-49 ECP_2607 reverse,2,6;8
ECP_4213,hupA,KFF-rplS JVpna-49 ECP_2607,2,3;10
ECP_4215,ECP_4215,KFF-rplS JVpna-49 ECP_2607 reverse,2,4;10
ECP_4218,ECP_4218,KFF-rplS JVpna-49 ECP_2607,2,4;8
ECP_4739,NA,KFF-rplS JVpna-49 ECP_2607 reverse,2,4;7
ECP_4229,ECP_4229,KFF-rplS JVpna-49 ECP_2607 reverse,2,3;8
ECP_4238,ECP_4238,KFF-rplS JVpna-49 ECP_2607,2,5;7
ECP_4252,ECP_4252,KFF-rplS JVpna-49 ECP_2607,2,2;10
ECP_4252,ECP_4252,KFF-rplS JVpna-49 ECP_2607 reverse,2,3;7
ECP_4255,malM,KFF-rplS JVpna-49 ECP_2607,2,2;6
ECP_4275,ECP_4275,KFF-rplS JVpna-49 ECP_2607,2,5;8
ECP_4281,ECP_4281,KFF-rplS JVpna-49 ECP_2607 reverse,2,3;6
ECP_4283,aphA,KFF-rplS JVpna-49 ECP_2607,2,4;9
ECP_4285,yjbR,KFF-rplS JVpna-49 ECP_2607 reverse,2,6;7
ECP_4293,yjcD,KFF-rplS JVpna-49 ECP_2607 reverse,2,3;4
ECP_4301,ECP_4301,KFF-rplS JVpna-49 ECP_2607,2,4;5
ECP_4322,ECP_4322,KFF-rplS JVpna-49 ECP_2607,2,1;5
ECP_4356,ECP_4356,KFF-rplS JVpna-49 ECP_2607,2,6;10
ECP_4401,epmA,KFF-rplS JVpna-49 ECP_2607,2,1;4
ECP_4408,NA,KFF-rplS JVpna-49 ECP_2607,2,7;10
ECP_4440,ulaC,KFF-rplS JVpna-49 ECP_2607,2,7;9
ECP_4457,ECP_4457,KFF-rplS JVpna-49 ECP_2607,2,1;5
ECP_4466,ytfH,KFF-rplS JVpna-49 ECP_2607 reverse,2,1;7
ECP_4486,ECP_4486,KFF-rplS JVpna-49 ECP_2607,2,5;10
ECP_4497,ECP_4497,KFF-rplS JVpna-49 ECP_2607,2,2;9
ECP_4500,ECP_4500,KFF-rplS JVpna-49 ECP_2607 reverse,2,1;5
ECP_4501,tabA,KFF-rplS JVpna-49 ECP_2607,2,2;10
ECP_4504,rraB,KFF-rplS JVpna-49 ECP_2607,2,2;7
ECP_4510,lptF,KFF-rplS JVpna-49 ECP_2607 reverse,2,2;8
ECP_4513,ECP_4513,KFF-rplS JVpna-49 ECP_2607,2,3;9
ECP_4518,ECP_4518,KFF-rplS JVpna-49 ECP_2607 reverse,2,3;7
ECP_4536,ECP_4536,KFF-rplS JVpna-49 ECP_2607 reverse,2,4;7
ECP_4552,ECP_4552,KFF-rplS JVpna-49 ECP_2607,2,2;4
ECP_4553,ECP_4553,KFF-rplS JVpna-49 ECP_2607 reverse,2,3;7
ECP_4604,NA,KFF-rplS JVpna-49 ECP_2607,2,2;5
ECP_4637,ECP_4637,KFF-rplS JVpna-49 ECP_2607,2,5;10
ECP_4642,ECP_4642,KFF-rplS JVpna-49 ECP_2607,2,8;9
ECP_4644,ECP_4644,KFF-rplS JVpna-49 ECP_2607,2,3;10
ECP_4645,ECP_4645,KFF-rplS JVpna-49 ECP_2607,2,2;8
ECP_4646,fimB,KFF-rplS JVpna-49 ECP_2607,2,1;8
ECP_4649,ECP_4649,KFF-rplS JVpna-49 ECP_2607 reverse,2,3;4
ECP_4661,iraD,KFF-rplS JVpna-49 ECP_2607,2,5;9
ECP_4662,ECP_4662,KFF-rplS JVpna-49 ECP_2607,2,1;10
ECP_4699,yjjZ,KFF-rplS JVpna-49 ECP_2607,2,8;10
ECP_4765,deoC,KFF-rplS JVpna-49 ECP_2607 reverse,2,4;7
ECP_4782,ECP_4782,KFF-rplS JVpna-49 ECP_2607,2,4;5
