trans_id,genenames,probe_id,num_mismatch,mismatch_pos
ECP_0973,ECP_0973,KFF-rplS JVpna-49 ECP_2607,0,
ECP_0770,ECP_0770,KFF-rplS JVpna-49 ECP_2607,1,1
ECP_0941,ECP_0941,KFF-rplS JVpna-49 ECP_2607,1,2
ECP_2657,ECP_2657,KFF-rplS JVpna-49 ECP_2607,1,1
ECP_4184,murI,KFF-rplS JVpna-49 ECP_2607,1,2
ECP_0011,ECP_0011,KFF-rplS JVpna-49 ECP_2607,2,1;9
ECP_0940,ECP_0940,KFF-rplS JVpna-49 ECP_2607,2,4;5
ECP_0940,ECP_0940,KFF-rplS JVpna-49 ECP_2607 reverse,2,2;6
ECP_0940,ECP_0940,KFF-rplS JVpna-49 ECP_2607,2,5;10
ECP_0941,ECP_0941,KFF-rplS JVpna-49 ECP_2607 reverse,2,3;10
ECP_1867,ompD,KFF-rplS JVpna-49 ECP_2607,2,7;8
